item_no,item_name,src,sale_receipt,n
8858781905319,เจิ้นก็ยังคงสง่าผ่าเผยแบบนี้แหละ (เล่ม 1-2 จบ) (Book Set),bs,17,200
9781595621207,เจาะจุดแข็ง 2.0,bs,24,199
9786163747532,คัมภีร์ Redesigned TOEIC ฉบับสมบูรณ์ +DVD,bs,43,190
9786160031818,สรวงสวาท,bs,33,188
9786160033751,ซ่อนร้าย ลวงใจ,bs,30,187
9786162275739,หนังสือชุด ส่งเสริมสุขนิสัย เรื่อง กุ๋งกิ๋งปวดฟัน,bs,56,186
9786160621538,Rule of Secret Love กฎของคนแอบรัก,bs,44,180
9786163211514,ฟิสิกส์ ขนมหวาน เล่มที่ 1,bs,92,176
8856652035011,สมุดภาพระบายสี Sailor Moon (บรรจุกระเป๋า : Set),bs,44,171
9786161402792,อยู่อย่างฉลาด อยู่อย่างสามก๊ก,bs,46,170
9786160622283,เล่นของเตี้ย (เล่ม 1-2 จบ) (Book Set),bs,25,168
9786160622221,พิกัดรักแสนกล,bs,27,166
9786160430154,คุกกี้รันวิทย์ รอบรู้วิทย์สุดอึ้ง เล่ม 3 (ฉบับการ์ตูน),bs,37,163
8856652035035,สมุดภาพระบายสี Secret Jouju (บรรจุกระเป๋า : Set),bs,43,157
9786161824297,My Husband-in-Law อกเกือบหักแอบรักคุณสามี,bs,29,154
9789742557492,กายวิภาคศาสตร์ และสรีรวิทยาของมนุษย์ : Human Anatomy and Physiology,bs,58,153
9786161800277,สมองแห่งพุทธะ : Buddha's Brain,bs,27,151
9786165151146,ศาสตร์แห่งบัฟเฟตต์  Buffettology,bs,29,151
9789744436870,มินนะ โนะ นิฮงโกะ 2 (2nd Edition) (Set),bs,41,151
9786161823146,นักสำรวจน้อย โลกใต้ทะเล (ปกแข็ง),bs,32,146
9786160437375,ผจญภัยในดินแดนไม่ธรรมดา เล่ม 1 เหรียญปริศนา,bs,33,144
9786164298439,Social สรุปสังคม มัธยมปลาย,bs,68,144
9789747528602,สรุปเคมี มัธยมปลาย : Chemistry for High School Stuents,bs,81,142
9789744436887,มินนะ โนะ นิฮงโกะ 3 (2nd Edition) (Set),bs,33,140
9786161824310,มนต์ทศทิศ,bs,24,138
9786163271594,เถื่อนเจ็ด,bs,38,135
9786162278938,ชุด วันแสนสนุกของกุ๋งกิ๋ง (ไทย-อังกฤษ) : กุ๋งกิ๋งไปสวนสัตว์,bs,65,128
9786162278921,ชุด วันแสนสนุกของกุ๋งกิ๋ง (ไทย-อังกฤษ) : กุ๋งกิ๋งไปทะเล,bs,63,127
9781107660793,English Grammar in Use ฉบับคำอธิบายภาษาไทย พร้อมเฉลย,bs,81,125
9786162924941,"วิถีแห่งสามก๊ก ฉบับ ""ยอดคนทำงาน"" และ ""องค์กรแห่งความสุข""",bs,47,125
9786161823610,เศรษฐศาสตร์ในชีวิตจริง,bs,51,124
9786164072855,อะไรกันละหว่า? เสี้ยวชีวิตที่ยังเป็นปริศนา ของ ดร. สุเมธ ตันติเวชกุล,t150,0,121
9786167721248,จินตภาพสะเทือนโลก : Quantum Visualization,bs,57,120
9786167882017,ปรัชญาชีวิตศาสตร์แห่งความสำเร็จ : The Napoleon Hill's Laws of Success,bs,34,120
9786161822705,Fast Metabolism เบิร์นไว ผอมจริง,bs,27,118
9786162870743,ถอดรหัสลับสมองเงินล้าน : Secrets of the Millionaire Mind,bs,75,111
9786167982229,เงินหรือชีวิต : Your Money Your Life,bs,65,110
9789744436863,มินนะ โนะ นิฮงโกะ 1 (2nd Edition) (Set),t150,0,108
9786160621699,Kiss of Mars ปฏิบัติการยึดรักข้ามดวงดาว,bs,45,106
9786162008511,นักสำรวจน้อย สัตว์ป่าน่ารัก,bs,38,105
9789742351328,Biology For High School Students,t150,0,105
9786160033720,ใจแค้นแสนรัก,nbl,35,100
9786160033829,Love Sky พระพายหมายฟ้า,nbl,24,100
9786162137266,ประมวลกฎหมายแพ่งและพาณิชย์ ประมวลกฎหมายอาญา (ปกแข็ง),bs,42,100
9786164640252,ทูตสวรรค์ ทัณฑ์อำมหิต 1,bs,54,99
9786160612093,[7'x] SOS เหตุด่วน... เหตุร้าย ก่อกวนหัวใจยัยเน็ตไอดอล,bs,41,98
9786162003868,Drawing Comic 1 พื้นฐานที่ดีสำหรับการเริ่มวาดการ์ตูน,bs,27,97
9786164030480,ผ่านฉลุย ตะลุย CU-TEP,bs,70,97
9786164341128,กลยุทธ์เก็งกำไรเทรดระยะสั้น (ปกแข็ง),nbl,50,96
9786162375026,"3,000 ข้อสอบ Gifted วิทยาศาสตร์ ม.1",nbl,37,94
9786164401235,จะเชื่อตอนเป็น หรือ เห็นตอนตาย,bs,81,94
9786164686267,พูดด้วยภาพ พรีเซนต์อย่างไรให้ถูกใจคนฟัง,t150,0,93
9786160619603,เดือนเกี้ยวเดือน 2,bs,38,91
9786164456433,ติววิทย์! เคล็ดลับชีวะ ม.ปลาย,bs,37,91
9786162843167,ไทยจานโปรด,bs,16,90
9786168158081,บ้านเล็กจัดให้ใหญ่,bs,42,90
9786160619610,เดือนเกี้ยวเดือน 3,bs,42,85
9786161824686,ฝันถึงเรื่องนั้นอีกแล้ว,t150,0,85
9786160622337,เงาเพลิงสะท้านปฐพี 3,nbl,48,84
9786160612864,[7'x] Betting Lover พนันได้เลย...ว่าคุณจะรักผม,bs,36,83
9786160622344,เพลงกลอนคลั่งยุทธ์ 11,nbl,60,83
9786160541355,ถาม - ตอบ อาญา,nbl,26,81
9786163711229,1991 ระหว่างเราสูญหาย,nbl,127,81
9786167932439,อาชีพกระจอกแล้วทำไม ยังไงข้าก็เทพ 1,bs,27,81
9780521011242,Essential Grammar in Use ฉบับคำอธิบายภาษาไทย พร้อมคำเฉลย,t150,0,80
9786160435333,คุกกี้รันวิทย์ สยองขวัญวิทย์ลี้ลับ เล่ม 6 (ฉบับการ์ตูน),bs,44,79
9786164069251,ญี่ปุ่น เล่มเดียวเที่ยวได้จริง,bs,39,79
9786162008221,Principles Infographic,bs,24,78
9786162046605,เที่ยว เฮ เปย์ กิน ฮ่องกง มาเก๊า เซินเจิ้น,bs,33,75
9786164683266,ติววิทย์! ตะลุยโจทย์ TCAS ชีววิทยา PAT 2 โอลิมปิค 9 วิชาสามัญ,nbl,46,75
9786161824228,อ่อนวัยแน่ แค่ปรับฮอร์โมน,bs,31,73
9786163016478,แม่มด: ประวัติศาสตร์แห่งไสยเวท : Witchcraft History,nbl,42,72
1294877739319,การ์ดหนูชอบอ่าน ก ไก่ (ไดคัท),bs,45,71
9786164300231,จำศัพท์แม่นด้วย mind map (ปกแข็ง)(talking pen),bs,33,71
9786164458345,สรุปสังคม ม.ปลาย By Kru P'Ball,t150,0,71
9786164689442,Intensive GAT ภาษาอังกฤษ,nbl,50,71
9786167721231,NLP : ภาษา สมอง มหัศจรรย์,bs,66,69
9786160441716,รอบรู้ทุกเรื่องไวน์ (ฉบับการ์ตูน),bs,31,67
9786160813490,ชุดสอนหนูเป็นเด็กดีและปลอดภัย ตอน เมื่อหนูเจอคนแปลกหน้า,bs,81,67
9786169284161,ได้ดีเพราะพรีเซนต์,bs,73,67
9786164640337,ขอต้อนรับสู่ห้องเรียนนิยม (เฉพาะ) ยอดคน เล่ม 3,nbl,23,65
9786169278214,หนังสือวิเศษ Infographic สังคมศึกษา สรุป ม.ปลาย,bs,43,65
9786167942322,สิ่งที่ค้นพบระหว่างนั่งเฉยๆ (อุนนุน1),bs,36,64
9786160439539,Why? ไดโนเสาร์ (ฉบับการ์ตูน),bs,36,63
9786160622306,Oh My Boo! คุณผีอ้อนรัก,nbl,71,63
9786162278853,ชุด ส่งเสริมทักษะทางสังคม (ไทย-อังกฤษ) : กุ๋งกิ๋งรักเพื่อน,bs,55,63
9786162582493,เฉลยข้อสอบแข่งขัน คณิตศาสตร์ สสวท. ป.6,bs,52,63
9786164480049,โยคะสไตล์คนขี้เกียจ (ฉบับการ์ตูน),bs,40,63
9786167591803,หนังสือ/เมืองเล็ก/ความรัก นักอ่านชาวโบรกเคนวีลแนะนำ,nbl,21,62
9786160417223,ผีญี่ปุ่น : ชุด เรื่องผี ๆ รอบโลก (ฉบับการ์ตูน),bs,40,61
9786160621071,เทพพยากรณ์ผู้ซ่อนเร้น,bs,29,61
9786163016539,เกียวโต ประวัติศาสตร์พันปี (ปกแข็ง),bs,19,60
9786163471062,วิกฤตรักสิงหราช,nbl,24,60
9786169248507,เปลี่ยนเบอร์มือถือ เปลี่ยนชีวิต ตอนความมั่งคั่ง,bs,37,60
9786162582486,เฉลยข้อสอบแข่งขัน วิทยาศาสตร์ สสวท. ป.6,bs,62,59
9786164136021,TOEIC เต็มแล้วเต็มอีก: Super Turbo,bs,41,59
9786160422821,ผีไทย : ชุด เรื่องผี ๆ รอบโลก (ฉบับการ์ตูน),bs,43,58
9786168028230,หนังลอยน้ำ ปู๊น ปู๊น  123,bs,48,58
9786162007422,คู่มือใช้งาน Excel 2016 ฉบับสมบูรณ์,bs,36,57
9786162009372,Little Princess ห้องเรียนฉบับคุณหนู : เปิดตำราโภชนาการ สูตรลับลิตเติ้ลเชฟ (ฉบับการ์ตูน),nbl,43,57
9786160434435,ผีโรงแรม : ชุด เรื่องผี ๆ รอบโลก (ฉบับการ์ตูน),bs,35,56
9786162623936,สร้างตารางงานและบริหารข้อมูลด้วย Excel 2016 ฉบับสมบูรณ์,bs,29,55
9786169277804,Blockchain Revolution บล็อกเชนเปลี่ยนโลก,t150,0,55
9786160830343,น้ำอุ่นธรรมดา 1 แก้วในตอนเช้า ที่ดื่มแล้วไม่ธรรมดา,bs,59,54
9786162009402,Idol Secret Shin & Minna วัยอลวน เพื่อนรักอลเวง ซีซั่น 2 เล่ม 1 (ฉบับการ์ตูน),nbl,94,54
9786163711137,บอกแล้วไงว่าไม่ได้ฆ่า : One of Us is Lying,bs,77,54
9786163711212,ล่าปมวิปลาส ยอดฆาตกร : Mindhunter: Inside the FBI's Elite Serial Crime Unit,nbl,33,54
9786160622351,สยบฟ้าพิชิตปฐพี 18,nbl,71,53
9786160439706,Why? พืชและสัตว์มีพิษ (ฉบับการ์ตูน),bs,44,52
9786164404571,เลี้ยงบวก ลูกบวก,bs,40,52
1294877735199,อ่านคล่อง เขียนสวย หมวดคำ ภาษาไทยของหนู,t150,0,51
9786160829231,SER-SWR: อกาทา คริสตี ราชินีแห่งนวนิยายสืบสวนฆาตกรรม:คดีฆาตกรรมเหนือน่านฟ้า Death in the Clouds +MP3,bs,61,51
9786162070662,พรหมญาณ พยากรณ์ + ไพ่พรหมญาณ,bs,42,50
9786162572661,แรบบิทไนท์ ทีมจันทราล่าสัตว์มหัศจรรย์ เล่ม 2 ศึกไล่ล่ากลางเวหาเจ้ากินรี! กับข้อมูลปักษีวิทยา (ฉบับกา,nbl,40,50
9786163016454,ประวัติศาสตร์อาวุธ : A History of Weapons,bs,29,50
9786160828647,100 สุดยอดนิทานอีสปแสนสนุก ฉบับมินิ,bs,66,49
9786162008375,ติดตั้งและแก้ปัญหา ฉบับช่างคอมมืออาชีพ 2018,bs,25,49
9786164684324,อาญาพิสดาร เล่ม 2 (ฉบับปรับปรุงใหม่ปี 2561),bs,27,48
9786169310907,51 ศาสตราวุธสู่จุดสูงสุดของชีวิต : 51 Weapons of The Wise,t150,0,48
9786160438952,คณิตศาสตร์แฟนตาซี เล่ม 1 ตอน อัศวินเอกซ์ปรากฎตัว (ฉบับการ์ตูน),bs,38,47
9786162844799,เมนูปลายอดนิยม,bs,27,47
9786168068564,จำสูตรได้ ใช้สูตรเป็น คณิต ม.ปลาย,nbl,27,45
9786169203148,ภารกิจ EAT กับหมอ,bs,27,45
9786161823726,นอนถูกวิธี สุขภาพดีตลอดชีวิต,bs,51,44
9789740216186,ยงเจิ้ง ฮ่องเต้พิทักษ์ต้าชิง เล่ม 3 ตอน จอมราชันหรือทรราช,nbl,27,43
9786162137273,ประมวลกฎหมายวิธีพิจารณาความแพ่ง ประมวลกฎหมายวิธีพิจารณาความอาญา (ปกแข็ง),bs,30,42
9786168068663,ชีวะ ม.ปลาย Word by Word,nbl,40,41
9786167890470,เข็นเด็กขึ้นภูเขา ตอน บางสิ่งที่พ่อแม่น่าจะรู้นานแล้ว,bs,27,40
9786165279772,ไดโนเสาร์ เจ้าแห่งยุคดึกดำบรรพ์+แว่น 3 มิติ,bs,63,39
9786168068670,Lecture สรุปเข้มอังกฤษ ม.ปลาย,nbl,36,39
9786160441365,Why? เหตุการณ์สำคัญทางวิทยาศาสตร์ (ฉบับการ์ตูน),bs,38,37
9786165303729,การเย็บจักรขั้นพื้นฐาน +แพทเทิร์น,bs,25,37
9786168158036,ฉันไม่ชอบทั้งโลก ฉันชอบแค่เธอคนเดียว,bs,45,37
9789744437150,ภาษาซีและ Arduino,bs,24,37
9786164341135,อีลอน มัสก์ อัจฉริยะผู้สร้างอาณานิคมบนดาวอังคาร,nbl,52,36
9786162603242,ประมวลกฎหมายอาญา พระราชบัญญัติคุมประพฤติ พ.ศ.2559 (ฉบับแก้ไขล่าสุด พ.ศ. 2561) (เล่มเล็ก),bs,77,35
9786160830312,คัมภีร์การใช้งาน ไมโครคอนโทรลเลอร์ Arduino,bs,37,34
9786164553828,ญี่ปุ่น (คันไซ) เล่มเดียวเที่ยวได้จริง,bs,31,34
9786162008535,นักสำรวจน้อย แมลงน้อยร้อยสีสัน,bs,36,33
9786167502731,การเดินสายไฟและติดตั้งอุปกรณ์ไฟฟ้า,bs,39,33
9786168068724,เคมี ม.ปลาย Word by Word,nbl,75,33
1294877739227,เจ้าหญิงน้อย+สติ๊กเกอร์ 555 ชิ้น,bs,73,32
9786163590626,ทุเรียนยุคใหม่ & ระยะชิด,t150,0,31
9786163630209,วาดโมเอะคาแรคเตอร์แบบมืออาชีพ ฉบับวาดใบหน้าและร่างกาย,bs,24,31
9786169242895,เล่าเรื่องสามก๊ก ฉบับคนรุ่นใหม่,bs,34,31
9786161825263,Garden & Farm Vol.13 : กลับบ้านไปทำเกษตร,nbl,37,30
9786164686892,แพ่งพิสดาร เล่ม 1 (ฉบับปรับปรุงใหม่ปี 2561),bs,28,29
9786160440528,ไล่ตงจิ้น ลูกขอทานผู้ไม่ยอมแพ้ต่อชะตาชีวิต,bs,39,28
9786162844386,ติ่มซำห้องแถวเป็นอาชีพ,bs,25,28
9786164688964,สมเด็จพระเจ้าตากสิน มหาราชกู้ชาติกู้แผ่นดิน,nbl,26,28
9786162007941,สรุปเข้ม + ข้อสอบ ชีววิทยา ม.ปลาย มั่นใจเต็ม 100,bs,40,26
9786167890234,พูดจีนจากจินตภาพ Mind Map Chinese+CD(ปรับปรุง),bs,42,26
9786160436972,นักสืบตืดสะเด็ด เล่ม 30 : ชุด ครอบครัวตึ๋งหนืด (ฉบับการ์ตูน),bs,49,25
9786162105647,วิวัฒนาการของเงิน จากหอยเบี้ยสู่คริปโทเคอเรนซี : Evolution of Money from Cowries to Cryptocurrency,t150,0,25
9786165156851,เพาะหุ้นเป็น เห็นผลยั่งยืน,t150,0,25
9786169151678,แบบบ้าน 2 ชั้น สร้างสุขใจสไตล์โมเดิร์น (ปกแข็ง),bs,20,25
9786169214199,พูดอังกฤษง่ายๆ ในชีวิตประจำวัน,bs,55,24
9786167932477,ผ่ามิติแหกกฎมนตรา เล่ม 3,nbl,38,23
9786167932613,อาชีพกระจอกแล้วทำไม ยังไงข้าก็เทพ 3,nbl,56,23
9786160424641,เอาชีวิตรอดในถ้ำลึก (ฉบับปรับปรุง) (ฉบับการ์ตูน),bs,55,22
9786161824518,โลกเป็นของคนที่มองเห็นอนาคตก่อนใคร,nbl,51,22
9786162603303,ประมวลกฎหมายอาญา (แก้ไขเพิ่มเติมใหม่ล่าสุด พ.ศ. 2561) พระราชบัญญัติคุมประพฤติ พ.ศ. 2559 (ปกแข็ง),bs,37,22
9786160829255,SER-SWR: อกาทา คริสตี ราชินีแห่งนวนิยายสืบสวนฆาตกรรม:เล่ห์ลับตระกูลอำมหิต Crooked House + MP3,bs,66,21
9786163810649,"ศัพท์โทอิคออกสอบบ่อย 4,000 คำ",bs,52,21
9786169151654,แบบบ้าน สร้างสุขใจ สไตล์โมเดิร์น (ปกแข็ง),bs,48,21
9789741682225,หัดเล่นคีย์บอร์ดเบื้องต้น + VCD,bs,27,21
9786163016553,เกสตาโป : เบื้องหลังเครื่องจักรสังหารของฮิตเลอร์,bs,22,20
9786167082097,"Hi-Speed Maths For PAT 1 & Exam, M. 4-5-6 'ลุยโจทย์ข้อสอบคณิตศาสตร์เข้ามหาวิทยาลัยมุ่งสู่ PAT 1 และร",bs,77,20
9786169177562,ชีววิทยา 1 : โครงการตำราวิทยาศาสตร์และคณิตศาสตร์ มูลนิธิ สอวน.,bs,29,20
1294877740247,เก่ง ก ไก่ abc 123 ฉ.ปรับปรุง (ปกสีฟ้า),bs,81,19
9786167897677,ทำธุรกิจพร้อมโปรโมตแบรนด์ ด้วยแอปตระกูล LINE และ LINE@,nbl,73,19
9786167932583,โศกนาฏกรรมต่างโลกเริ่มต้นจากเดธมาร์ช 6,nbl,34,19
9786167202884,อยุธยา Discovering Ayutthaya (ฉบับภาษาไทย),nbl,21,18
9786167890111,Quick Chinese ภาษาจีน พูดเลย!,bs,57,18
9786167932521,พ่อมดไร้เทียมทานกับมนตราล้าหลัง! 1,nbl,53,18
9786160439713,คุกกี้รันวิทย์ เผยไต๋มายากลวิทย์ เล่ม 10 (ฉบับการ์ตูน),bs,56,17
9786160832170,การออกแบบบทเรียน e-Learning เพื่อพัฒนาทักษะการคิดชั้นสูง,bs,33,17
9786165279437,Short Note Sentences ประโยคพื้นฐาน สั้น-ง่าย-ใช้บ่อย,bs,88,17
9786165279628,หนูน้อยหมวกแดง (2 ภาษา)(talking pen)(ฉบับMIS),bs,68,17
1294877739333,เพื่อนสัตว์แสนรัก+สติ๊กเกอร์ 4 หน้า,bs,57,16
9786160827527,ภาษาเกาหลีเรียนง่าย 1 + CD,bs,55,16
9786163123572,69 เทคนิคขายดีบน facebook,bs,50,16
9786164230705,Biology,t150,0,16
9786165145350,พรหมชาติ ฉบับสมบูรณ์,bs,43,16
9786165270137,นิทานอีสป 50 เรื่อง(ปกแข็ง)(talking pen),bs,38,16
9789749760802,Teacher and child ถ้้้าครูและพ่อแม่พูดกับเด็กแบบนี้,bs,36,16
9789990116724,Super Science สรุปวิทยาศาสตร์ ม.ต้น,t150,0,16
1294877740575,สติกเกอร์พัฒนา EQ ของหนู เพื่อนสัตว์น่ารัก,t150,0,15
9786160439874,หนทางสู่ความรวย เล่ม 2 : ครอบครัวตึ๋งหนืด (ฉบับการ์ตูน),bs,43,15
9786163711205,อะไรที่เยอะเกินไำป จงตัดใจที่จะไม่ทำ,bs,49,15
9786164440050,Miracle Morning ทุกสิ่งในชีวิตจะดีขึ้นเมื่อตื่นเช้า,bs,65,15
9786169012375,The world atlas of coffee สมุดแผนที่โลกของกาแฟ,bs,25,15
9789749760925,ฮาร์วาร์ด 1,bs,56,15
1294877740865,ชุดศัพท์สนุกท่องศัพท์ขึ้นใจ จำได้ไม่ลืม,t150,0,14
9786162603235,ประมวลกฎหมายแพ่งและพาณิชย์ บรรพ 1-6 พระราชบัญญัติหลักประกันทางธุรกิจ พ.ศ. 2558 (ฉบับแก้ไขใหม่ล่าสุด,bs,49,14
9786164320338,Witch Hunt โซเชียลพิพากษา คดีที่ 1 : แกล้ง,bs,42,14
9786164554429,อ่านให้ตรงข้อสอบ : The Climax of Chemistry,bs,69,14
9786165277266,หนูชอบกินผลไม้,bs,71,14
9786167082080,"Hi-Speed Maths For PAT 1 & Exam, M. 4-5-6 'ลุยโจทย์ข้อสอบคณิตศาสตร์เข้ามหาวิทยาลัยมุ่งสู่ PAT 1 และร",t150,0,14
9786167982250,One Million ปัญญาหนึ่งถึงร้อยหมื่น,t150,0,14
9786169253501,ประมวลกฎหมายแพ่งและพาณิชย์ บรรพ 1-6 ประมวลกฎหมายอาญา (ปกแข็ง),bs,44,14
1294877739548,ระบบร่างกายมนุษย์ (ปกแข็ง)(ปรับปรุงใหม่),bs,36,13
8858902400945,ติวเข้ม เตรียมสอบ ป.4,bs,48,13
9786160829217,SER-SWR: อกาทา คริสตี ราชินีแห่งนวนิยายสืบสวนฆาตกรรม:ฆาตกรรมลึกลับ The Mysterious Affair at Styles+M,bs,73,13
9786162007361,สรุปเข้ม + ข้อสอบ ป.1 (8 วิชา) มั่นใจเต็ม 100,bs,51,13
9786162105265,ศาสตร์แห่งอายุรเวท : A Practical Approach To The Science of Ayurveda,bs,16,13
9786162368677,ติวเข้ม ป.6 ทุกวิชา เตรียมสอบเข้า ม.1,bs,36,13
9786163810656,Perfect Maths สรุปเข้มคณิตศาสตร์ ม.ปลาย,bs,44,13
9786164341050,กลยุทธ์เล่ห์เหลี่ยมฮิตเลอร์,bs,45,13
9786167970592,101 นิทานอีสปสอนน้อง,bs,47,13
9786169120377,สงสัยมั๊ยธรรมะ ฉบับเหตุสมควรทุกข์ไม่มีในโลก,bs,38,13
9786169168812,Decoder+ถอดรหัสพลังตัวเลข สร้างแรงดึงดูดความสำเร็จ,t150,0,13
9786161823542,อีลอน มัสก์,t150,0,12
9786162367496,เตรียมสอบ ป.6 เข้า ม.1 ฉบับสมบูรณ์,bs,47,12
9786165279826,5000 คำศัพท์,bs,46,12
9786167502809,เร่งไม้ผลออกนอกฤดู,bs,28,12
9786167944258,คริสเตียโน โรนัลโด เทพบุตรลูกหนัง,nbl,41,12
9786169268376,ประวัติศาสตร์เพื่อการท่องเที่ยวอยุธยา,nbl,32,12
1294877739203,ไดโนเสาร์+สติ๊กเกอร์ 555 ชิ้น,t150,0,11
1294877740643,สติกเกอร์พัฒนา EQ ของหนู แต่งตัวเจ้าหญิง+sticker 6 หน้า,t150,0,11
9786160828920,เส้นทางสู่อิสรภาพทางการเงินอย่างแท้จริง,bs,86,11
9786160830909,เจาะศัพท์ TOEIC ตรงเว่อร์ ท่องน้อย แต่ออกสอบเยอะ ได้คะแนนสูงปรี๊ด by ครูโตโน่,bs,74,11
9786162603310,ประมวลกฎหมายแพ่งและพาณิชย์ บรรพ 1-6 พระราชบัญญัติหลักประกันทางธุรกิจ พ.ศ. 2558 (ฉบับแก้ไขใหม่ล่าสุด,bs,45,11
9786163121288,ตำรารักยอดพธู,bs,47,11
9786163143419,ความรู้เบื้องต้นเกี่ยวกับกฏหมายทั่วไป ฉพ.21,bs,32,11
9786163272003,ประวัติศาสตร์โลกฉบับไม่ง่วง,bs,80,11
9786163810311,ไวยากรณ์ญี่ปุ่นเบื้องต้น ที่คุณต้องรู้,bs,45,11
9786163920393,กระต่ายตื่นตูม : The Foolish Rabbit,t150,0,11
9786164300170,10000 ศัพท์อังกฤษ พิชิตการเรียน-สอบ-ใช้ในชีวิตประจำวัน+แผ่นฟิล์มมหัศจรรย์,bs,71,11
9786164300262,เตรียมสอบ toeic listening & reading test,bs,89,11
9786164559981,หมอนผ้าขาวม้าผ้าไทย,bs,30,11
9786165145503,บันทึกโลกฉบับรวมเล่ม 1-2 (ปกแข็ง),bs,39,11
9786165276009,ศัพท์เตรียมสอบ TOEIC,bs,83,11
9786167036953,กรรมตามสมอง,t150,0,11
9786167885674,The Tyranny of Experts ทรราชย์เทคโนแครต:โลกการพัฒนาใต้เงาเผด็จการ,nbl,22,11
9786167890623,All-in-one Korean ภาษาเกาหลีครบ,bs,51,11
9786167982137,Future : ปัญญาอนาคต,t150,0,11
9786160411337,กายวิภาคศาสตร์และสรีรวิทยา,bs,23,10
9786160822430,กฎทอง #1 : สร้างคน สร้างงาน แบบผู้จัดการขั้นเทพ,bs,46,10
9786160830589,52 เมนูเด็ด เคล็ดลับพิชิตเบาหวาน,bs,31,10
9786160830893,Guru ทัน TOEIC เทคนิคพิชิต 990 คะแนนเต็ม!,bs,70,10
9786163122629,มณีรัตนะ,bs,67,10
9786164689268,คู่มือวางแผนการสอบและหลักการเขียนตอบข้อสอบกฎหมาย ในระดับนิติศาสตรบัณฑิต เนติบัณฑิตไทย อัยการผู้ช่วย,nbl,39,10
9786165277457,ฟัง พูด อ่าน เขียน แปลภาษาอังกฤษ,bs,53,10
9786165278515,ลูกหมู 3 ตัว ฉบับ MIS (ใช้Talking Penได้),t150,0,10
9786165305662,รวยด้วยอาหารกล่อง,t150,0,10
9786168087305,Again ตกหลุมรักอีกแล้ว,bs,27,10
9786168109069,"ชีวิตติดปีก ด้วยศิลปะแห่งการ ""ช่างแม่ง""",bs,54,10
9786160441518,บทเรียนชีวิต จากแฮร์รี่ พอตเตอร์,nbl,32,9
9786160830008,คนสำเร็จ เขาพูดกันแบบไหน?,bs,70,9
9786160831968,Pilot DNA จากฝันสู่ฟ้า,bs,56,9
9786164130890,Super Maths สรุปคณิตศาสตร์ ม.ต้น,bs,106,9
9786165305983,ดีท็อกซ์ ล้างพิษ เมนูสุขภาพ,bs,42,9
9786167016047,สเต๊กห้องแถว เป็นอาชีพ,bs,22,9
9786168029060,กว่าจะเป็นหมอ อัพเดทปี 2561,bs,44,9
1294877740797,abc ของหนู (talking pen),bs,64,8
9786160825691,พูดอังกฤษเก๋ไก๋สไตล์อเมริกัน Talk like a New Yorker + CD,bs,41,8
9786162365911,เตรียมสอบ ม.3 เข้า ม.4 ฉบับสมบูรณ์,bs,42,8
9786162845284,Making Sandwiches อร่อยง่ายกันได้ทุกที่ทุกวัย,bs,31,8
9786163810892,super physics สรุปเข้มฟิสิกส์ มัธยมปลาย (ฉบับสมบูรณ์),bs,38,8
9786164553958,สรุปเนื้อหา ชีววิทยา มัธยมปลาย,bs,97,8
9786165305549,ขนมง่าย ๆ ทำได้ในบ้าน,nbl,47,8
9786165306591,น้ำพริกเงินล้าน,bs,55,8
9786167932538,อาชีพกระจอกแล้วทำไม ยังไงข้าก็เทพ 2,bs,52,8
9786167942209,แล้วความรักก็บอกกับเราว่า,bs,57,8
9786168085011,การประเมินมูลค่าหุ้น (The little Book of Valuation),bs,73,8
9786169231899,แม่ไม่ดุ หนูร่าเริง,bs,26,8
9786169253532,ประมวลกฎหมายวิธีพิจารณาความแพ่ง - วิธีพิจารณาความอาญา (เล่มใหญ่) (ปกแข็ง),bs,29,8
9786169253549,ประมวลกฎหมายแพ่งและพาณิชย์ บรรพ 1-6 ประมวลกฎหมายอาญา (ปกแข็ง),bs,41,8
9789746137621,ลุยโจทย์คลังข้อสอบคณิตศาสตร์ ม.ต้น (ม.1-2-3) ฉบับคิดลัดข้อสอบเพื่อเตรียมสอบศึกษาต่อ,bs,50,8
9789747539288,Essential Biology,bs,81,8
9786160831524,"New Room, New you จัดห้องใหม่ ชีวิตเปลี่ยน",bs,61,7
9786160831531,จับตายวายร้าย Basic Grammar,bs,43,7
9786160831869,การเขียนโปรแกรมด้วย Java สำหรับผู้เริ่มต้น,bs,39,7
9786160832002,พ่อรวยสอนลูก #24 : เลือกที่จะรวย,t150,0,7
9786162008993,Dragon Village ไดโนแบทเทิล เล่ม 1 (ฉบับการ์ตูน),bs,67,7
9786163810878,perfect science สรุปเข้มวิทยาศาสตร์ มัธยมต้น,bs,67,7
9786163827623,สรุปเคมี มัธยมปลาย Ultra Chemistry,t150,0,7
9786164300545,กระต่ายกับเต่า Big Book (Talking Pen),bs,49,7
9786164458185,เสื้อถักโครเชต์สู่มืออาชีพ 2,bs,35,7
9786165279024,หนูชอบอ่าน abc (ไดคัท),t150,0,7
9786165279529,พูดอังกฤษ ฉบับสมบูรณ์ (พกพา),t150,0,7
9786167890364,ซื้อกองทุนรวม เริ่มยังไงดี,t150,0,7
9786167895147,"เพราะเราต้องทำงานแบบ""มืออาชีพ""ไม่ใช่แค่ีมีอาชีพทำงาน=The Work Man Ship.",bs,75,7
9786169310808,Big Data Series I : Introduction to a Big Data Project ปฐมบทในการทำโปรเจคบิ๊กดาต้า,bs,71,7
9789740216179,พม่ารบไทย ว่าด้วยการสงครามระหว่างไทยกับพม่า,bs,28,7
9786160825431,คนไทยฉลาดการเงิน,bs,64,6
9786160830435,ภาษาเกาหลี 1 (แบบเรียน),bs,91,6
9786160831753,TOEIC ปัง! GRAMMAR เป๊ะ!,bs,47,6
9786165278492,หนูชอบสัตว์น่ารัก (ไดคัท-ปกกากเพชร),t150,0,6
9786167676999,เก่งพูดอังกฤษใน 101 ชั่วโมง,bs,58,6
9786167890586,All-in-one Chinese ภาษาจีนครบ,bs,63,6
9786167890678,คัดหุ้นทำกำไรจากงบการเงิน,t150,0,6
9786167897547,สูตรลับขายดีใน Facebook + Social,t150,0,6
9786167942308,หิมาลัยไม่มีจริง,bs,42,6
9786167942315,In love we fall,bs,37,6
5524300000874,ชุดเด็กดีเก่งภาษาไทย : สนุกคัด หัดเรียนตัวสะกด,bs,67,5
9786160621101,Blue Kiss เพื่อนแก้เหงา,t150,0,5
9786160827442,พจนานุกรมนักเรียน ฉบับทันสมัย,t150,0,5
9786160831227,การออกแบบระบบไฟฟ้า,bs,29,5
9786162005282,สรุปเข้ม O-NET ป.6 พิชิตสอบเข้า ม.1,bs,40,5
9786162872693,กินกบตัวนั้นซะ! (ฉบับลงมือทำ) : Eat That Frog! Action Workbook,t150,0,5
9786163123923,จากแม่บ้านธรรมดาสู่ซุป'ตาร์ YouTube,bs,57,5
9786163272034,ดาราศาสตร์ฟิสิกส์สำหรับคนเร่งรีบ (Astrophysics for People in a Hurry),nbl,37,5
9786163617583,สรุปชีววิทยา มัธยมปลาย Ultra Biology,t150,0,5
9786164688605,ประมวลกฎหมายอาญา ประมวลกฎหมายแพ่งและพาณิชย์ เล่มกลาง (ปกแข็ง),nbl,33,5
9786165275118,นิทานอิสป50เรื่องสอนหนูน้อยให้เป็นเด็กดี2ภาษา+MP3(ปกแข็ง),t150,0,5
9786167441610,บุพเพสันนิวาส,bs,76,5
9786162009075,คู่มือ Windows 10 ฉบับใช้งานจริง อัพเดต 2018,bs,23,4
9786162046773,สอนใช้ Excel ให้เป็นเซียน,bs,88,4
9786162046919,เที่ยวนิวซีแลนด์ New Zealand ดินแดนธรรมชาติมหัศจรรย์ สววค์ซีกโลกใต้,bs,24,4
9786162047039,ไต้หวันป่ะ,bs,58,4
9786163651365,"จิตวิทยาแค่ 1% ทำให้คุณ ""เหนือ"" คน",t150,0,4
9786164300651,English Picture Dictionary for Kids (46 หมวดคำศัพท์),t150,0,4
9786164301047,Human Body ระบบร่างกายมนุษย์  (ปกแข็ง),nbl,30,4
9786164553842,FIGHT for University หัวใจสังคม มัธยมปลาย (ฉบับTCAS 4.0),bs,36,4
9786165277273,หนูชอบสัตว์น่ารัก,t150,0,4
9786165277655,Short Note GRAMMAR เตรียมพร้อมก่อนสอบ,t150,0,4
9786165279017,หนูชอบอ่าน ก ไก่ (ไดคัท),t150,0,4
9786167897660,Infographic Design ฉบับ Quick Start + Easy Workshop + Make Money,bs,34,4
9786167942377,Homo Finishers : สายพันธุ์เข้าเส้นชัย,bs,67,4
1294877743200,ชุดนิทาน 2 ภาษา ไดโนเสาร์เพื่อนรัก 5 เล่ม,bs,28,3
9786160831449,"การเขียนและการประยุกต์ใช้งานโปรแกรม Arduino
",bs,78,3
9786161823771,มองย้อนไปได้ แต่อย่าเดินกลับไปก็พอ,t150,0,3
9786162009006,Dragon Village ไดโนแบทเทิล เล่ม 2 (จบ) (ฉบับการ์ตูน),bs,60,3
9786162009044,หนังสือสติกเกอร์คำศัพท์แสนสนุก ชุด สัตว์โลกน่ารักและที่อยู่อาศัย,bs,62,3
9786162047053,ความรู้เบื้องต้นเกี่ยวกับคอมพิวเตอร์ และเทคโนโลยีสารสนเทศ,bs,32,3
9786162610356,จักรวาลในเปลือกนัท,bs,32,3
9786163920447,หมาป่ากับลูกแพะเจ็ดตัว : The Wolf and The Seven Little Goats,t150,0,3
9786164300460,"๒,๐๐๐ สำนวน สุภาษิต คำพังเพยไทย คำที่มักเขียนผิด",bs,42,3
9786164300705,ลูกหมูสามตัว big book (Talking Pen),bs,64,3
9786164490888,Short Note ฟิสิกส์ พิชิตข้อสอบเต็ม 100% ภายใน 3 วัน,nbl,42,3
9786165277648,ภาษาอังกฤษพูดได้ชิลชิล,bs,50,3
9786165279864,บทสวดมนต์ ฉบับสมบูรณ์,bs,33,3
9786167890067,Quick English ไวยากรณ์อังกฤษพูดเลย,t150,0,3
9786167890555,เริ่มต้นซื้อหุ้นออนไลน์,bs,84,3
9786167890609,เทรดหุ้นด้วยกราฟ ฉบับมือใหม่,t150,0,3
9786167942346,สิ่งมหัศจรรย์ธรรมดา,bs,43,3
9786167942360,หิมาลัยไม่มีจริง (ฉบับย่อมเยา),bs,73,3
9786169160113,เจ้าชายน้อย,t150,0,3
9789742041373,ฝันพยากรณ์,t150,0,3
9789744144362,พิชิต CU-TEP 100++ (ฉบับปรับปรุง),bs,49,3
9786160439829,ผีป่า : เรื่องผี ๆ รอบโลก (ฉบับการ์ตูน),t150,0,2
9786160831944,Kitty Candy Girls เล่ม 15: โอ้โห! เป็นตัวของตัวเองได้ง่ายจัง,t150,0,2
9786160832286,ธุรกิจส่งออก สำเร็จได้ รวยเร็ว,nbl,57,2
9786161824211,ถ้าเดินเข้าไปใกล้แล้วมันแย่ ก็แค่ถอยออกมา,t150,0,2
9786162009211,Dragon Village ฉลามจอมโหด เล่ม 2 (ฉบับการ์ตูน),bs,61,2
9786162046957,โตเกียว ใครๆก็เที่ยวได้ (edition 3),bs,26,2
9786162105630,Blockchain Technology ถนนสายใหม่เชื่อมโลกดิจิทัลไร้พรมแดน,t150,0,2
9786162105661,Forex War 2 (Intermediate),t150,0,2
9786162360879,Quick Dictionary หาศัพท์ฉับไวอังกฤษ-ไทย ป.1-6,t150,0,2
9786162871429,กล้าที่จะถูกเกลียด,t150,0,2
9786162872488,ใช้เงินอย่างไรให้มีเงินใช้ไปตลอดชีวิต,t150,0,2
9786162872600,ปาฏิหาริย์ร้านชำของคุณนามิยะ,t150,0,2
9786163271976,เถื่อนแปด,bs,39,2
9786163810885,"เก่งอังกฤษ English Grammar 
ฉบับสมบูรณ์",bs,39,2
9786164300798,"100 First Animals (บอร์ดบุ๊ค-Talking Pen)
",t150,0,2
9786164680531,หลักและคำพิพากษา:กฎหมายอาญา,bs,35,2
9786164689275,100 วิธีเอาตัวรอดจากหนี้,nbl,89,2
9786165271134,สร้างครอบครัว 2 ภาษา สอนลูกพูดภาษาอังกฤษ,bs,102,2
9786165273725,คู่มือตั้งครรภ์สำหรับคุณแม่มือใหม่,bs,53,2
9786165274906,202อมตะนิทานอีสปเล่าให้ลูกฟังก่อนนอน,t150,0,2
9786165279543,รวยและรอดด้วยกราฟเทคนิค,t150,0,2
9786167942193,แล้วชีวิตก็บอกกับเราว่า,bs,52,2
5524300000744,ชุดเด็กดีเก่งภาษาไทย : สนุกคัด หัดประสมสระ,t150,0,1
8858902401041,ติวเข้มเตรียมสอบ ป.2,bs,68,1
9786160441617,คุกกี้รันวิทย์ เรื่องวิทย์จริงหรือมั่ว เล่ม 11 (ฉบับการ์ตูน),t150,0,1
9786160818624,100 สุดยอดนิทานอีสปแสนสนุก 2 ภาษา ไทย-อังกฤษ + MP3,bs,60,1
9786160830985,ลงทุนแมน 1.0,t150,0,1
9786160831500,10 หลัก แห่งการรวบอำนาจ,bs,22,1
9786160831661,SER-SWR3: ปริศนาหญิงชุดขาว Famous Stories : The Woman in White,nbl,62,1
9786160831715,SER-SWR2: ทอม ซอว์เยอร์ หนูน้อยผจญภัย Famous Stories: The Adventures of Tom Sawyer,nbl,39,1
9786160831951,Kitty Candy Girls เล่ม 16: โอ้โห! บริหารเวลาเองได้ง่ายจัง,nbl,131,1
9786160832057,ปั๊มเงินจากอสังหาฯ ไว้ใช้ตลอดชาติ,t150,0,1
9786160832293,สรุปเข้ม Basic Grammar ไวยากรณ์พื้นฐาน,bs,38,1
9786161808976,สมองเศรษฐี,t150,0,1
9786161820015,ขาย 100 คน ซื้อ 99 คน,t150,0,1
9786161823276,คิดมากไปหรือเปล่า?,t150,0,1
9786161824761,ศาสตร์แห่งการขายที่ใครก็ปฏิเสธไม่ได้,nbl,78,1
9786162046971,คู่มือเขียนโปรแกรมด้วยภาษาไพธอน Python,bs,90,1
9786162046995,เที่ยว เฮ เปย์ กิน สิงคโปร์,bs,38,1
9786163487735,ตะลุยโจทย์ BASIC GRAMMAR,t150,0,1
9786163634290,ฝึกวาดเส้นสไตล์ญี่ปุ่นขึ้นพื้นฐาน วาดสนุกและเข้าใจง่าย,bs,50,1
9786163634399,วาดท่าโพสแบบจัดเต็ม,bs,38,1
9786164300309,พืชปะทะซอมบี้ ตอน ภารกิจตะลุยขั้วโลกและรวมพลังป้องกันภัยพิบัติ,t150,0,1
9786164300484,Short Note คณิตศาสตร์ ม.ปลาย,bs,104,1
9786164300620,พืชปะทะซอมบี้ พิพิธภัณฑ์ศิลปะเมโทรโพลิทันอเมริกา,bs,74,1
9786164300637,พืชปะทะซอมบี้ ตอนพิพิธภัณฑ์อียิปต์,t150,0,1
9786164300644,พืชปะทะซอมบี้ พิพิธภัณฑ์พระราชวังแห่งชาติ (กู้กง),t150,0,1
9786164300729,คัมภีร์ไวยากรณ์อังกฤษ พิชิตข้อสอบ,t150,0,1
9786164300781,Short Note หลักภาษาไทย,bs,98,1
9786164301016,THOMAS & FRIENDS หนังสือเล่มแรกของหนู ก ไก่ (Talking Pen),nbl,92,1
9786165279574,พืชปะทะซอมบี้ หุ่นยนต์อัจฉริยะและภารกิจพิชิตอวกาศ,t150,0,1
9786165305860,ข้าวหม้อ แกงถุง,nbl,70,1
9786167890524,เคล็ดลับเลิกทรมานกับการอ่านหนังสือ,bs,86,1
9786167890531,มิยากุจิ เคล็ดลับจำแม่น เลิกซะทีกับการหลงๆ ลืมๆ,bs,98,1
9786167890616,ขโมยความคิดญี่ปุ่น,bs,88,1
9786167970561,108 นิทานอีสป สอนใจเด็กดี,bs,70,1
9786167970622,"5,000 ศัพท์ ภาษาอังกฤษ",bs,52,1
9786168118030,ซื้อง่าย ขายคล่อง ขายออนไลน์บน Facebook,nbl,45,1
9786169012399,Coffee Dictionary พจนานุกรมกาแฟ,bs,58,1
9786169173045,INVEST LIKE A PRO  ลงทุนอย่างมืออาชีพ,nbl,106,1
9786169245889,เปลี่ยนเลนเป็นเศรษฐี The Millionaire Fastlane (new),bs,63,1
9786169260172,เปลี่ยน Facebook ธรรมดา ให้เป็นร้านค้าเงินล้าน,t150,0,1
9786169303831,พัฒนาชีวิต คิดแบบ Start up,bs,55,1
